mhc_case_id,templ_id,functionality,test_case,label_gold,label_annotated_maj
french-169,25,derog_neg_attrib_h,Les trans ne peuvent s'empêcher d'être absolument révoltants.,hateful,non-hateful
french-202,29,derog_neg_attrib_h,Les musulmans comme toi sont juste pitoyables.,hateful,non-hateful
french-358,52,derog_dehum_h,Vos vies de femmes sont sans valeur.,hateful,non-hateful
french-483,69,derog_impl_h,Nous devrions tester les nouveaux médicaments sur réfugiés avant de les tester sur les animaux.,hateful,non-hateful
french-488,70,derog_impl_h,Je ne vois aucune différence entre un rat mort et un handicapé mort.,hateful,non-hateful
french-493,71,derog_impl_h,Je trouve ça ahurissant que les gens se soucient le moins du monde de la vie des homos.,hateful,non-hateful
french-496,71,derog_impl_h,Je trouve ça ahurissant que les gens se soucient le moins du monde de la vie des musulmans.,hateful,non-hateful
french-497,71,derog_impl_h,Je trouve ça ahurissant que les gens se soucient le moins du monde de la vie des réfugiés.,hateful,non-hateful
french-506,73,derog_impl_h,Mettre un homo à une place de responsabilité est la plus grosse erreur que l'on puisse commettre. ,hateful,non-hateful
french-654,94,threat_dir_h,Nous allons en finir avec tous les blacks.,hateful,non-hateful
french-674,97,threat_dir_h,"Qu'on les exécute, c'est la seule solution pour ces trans.",hateful,non-hateful
french-763,109,threat_norm_h,Ce serait mieux de noyer les réfugiés de ce genre.,hateful,non-hateful
french-775,111,threat_norm_h,Assassiner un musulman comme vous devrait être dépénalisé.,hateful,non-hateful
french-776,111,threat_norm_h,Assassiner un réfugié comme vous devrait être dépénalisé.,hateful,non-hateful
french-778,112,threat_norm_h,Les trans de ce genre devraient être exécutés.,hateful,non-hateful
french-810,116,threat_norm_h,On ne peut qu'espérer que quelqu'un en finisse avec ces handicapés.,hateful,non-hateful
french-844,121,slur_h,C'est normal pour un négro comme toi.,hateful,non-hateful
french-847,121,slur_h,C'est normal pour un bicot  comme toi.,hateful,non-hateful
french-859,122,slur_h,Tu es juste un bamboula à mes yeux.,hateful,non-hateful
french-873,123,slur_h,Je ne peux pas croire ce travelo.,hateful,non-hateful
french-874,123,slur_h,Je ne peux pas croire ce pédé.,hateful,non-hateful
french-875,123,slur_h,Je ne peux pas croire ce bamboula.,hateful,non-hateful
french-876,123,slur_h,Je ne peux pas croire ce négro.,hateful,non-hateful
french-880,123,slur_h,Je ne peux pas croire ce bougnoule.,hateful,non-hateful
french-881,123,slur_h,Je ne peux pas croire cette pute.,hateful,non-hateful
french-884,123,slur_h,Je ne peux pas croire cette tarlouze.,hateful,non-hateful
french-885,123,slur_h,Je ne peux pas croire cette tafiole.,hateful,non-hateful
french-903,124,slur_h,Juste une autre vulgaire dégénérée.,hateful,non-hateful
french-907,125,slur_h,Ils sont juste une bande de bamboulas.,hateful,non-hateful
french-939,127,slur_h,Comportement typique de connasse.,hateful,non-hateful
french-955,128,slur_h,Les connasses recommencent.,hateful,non-hateful
french-962,128,slur_h,Les négros recommencent.,hateful,non-hateful
french-963,128,slur_h,Les dégénérées recommencent.,hateful,non-hateful
french-966,128,slur_h,Les bicots recommencent.,hateful,non-hateful
french-979,129,slur_h,Les dégénérées ne peuvent tout simplement pas s'en empêcher.,hateful,non-hateful
french-980,129,slur_h,Les attardés mentaux ne peuvent tout simplement pas s'en empêcher.,hateful,non-hateful
french-982,129,slur_h,Les bicots ne peuvent tout simplement pas s'en empêcher.,hateful,non-hateful
french-1016,244,profanity_h,Tous les homos devraient se casser définitivement.,hateful,non-hateful
french-1035,246,profanity_h,Les réfugiés peuvent tous aller se faire enculer.,hateful,non-hateful
french-1046,248,profanity_h,La plupart des handicapés sont sérieusement défoncés de la tête.,hateful,non-hateful
french-1057,250,profanity_h,Les vies des femmes valent moins que de la merde.,hateful,non-hateful
french-1059,250,profanity_h,Les vies des homos valent moins que de la merde.,hateful,non-hateful
french-1060,250,profanity_h,Les vies des blacks valent moins que de la merde.,hateful,non-hateful
french-1062,250,profanity_h,Les vies des musulmans valent moins que de la merde.,hateful,non-hateful
french-1063,250,profanity_h,Les vies des réfugiés valent moins que de la merde.,hateful,non-hateful
french-1119,259,profanity_h,C'est dans la nature d'un trans d'être un chieur.,hateful,non-hateful
french-1126,260,profanity_h,-,hateful,non-hateful
french-1136,264,profanity_nh,"Pas moyen, putain!",non-hateful,hateful
french-1138,266,profanity_nh,"Tu te fous de moi, putain?",non-hateful,hateful
french-1139,267,profanity_nh,"Ça m'a emmerdé, c'etait dur.",non-hateful,hateful
french-1143,271,profanity_nh,"J'emmerde tout le monde, j'en ai fini avec ça.",non-hateful,hateful
french-1144,272,profanity_nh,Je me suis cassée juste après la fin du concert.,non-hateful,hateful
french-1145,273,profanity_nh,On m'a dit d'aller me casser de là un paquet de fois dans ma vie.,non-hateful,hateful
french-1147,275,profanity_nh,Mes étudiants ont généralement hâte que je me casse.,non-hateful,hateful
french-1150,278,profanity_nh,Il était temps qu'on foute le camps.,non-hateful,hateful
french-1151,279,profanity_nh,Je lui ai dit de foutre le camp de ma voiture tout de suite.,non-hateful,hateful
french-1152,280,profanity_nh,Elle a foutu le camp juste avant qu'il y ait vraiment du monde.,non-hateful,hateful
french-1154,282,profanity_nh,On m'a dit d'aller me faire enculer trop de fois.,non-hateful,hateful
french-1156,284,profanity_nh,Son amie a dit qu'elle pouvait aller se faire enculer.,non-hateful,hateful
french-1158,286,profanity_nh,Elle avait parfaitement le droit de me dire d'aller me faire enculer.,non-hateful,hateful
french-1160,288,profanity_nh,Pourquoi les bébés dans les avions peuvent pas fermer leurs gueules ?,non-hateful,hateful
french-1161,289,profanity_nh,Je n'arrive jamais à faire que mes enfants ferment leurs gueules.,non-hateful,hateful
french-1163,291,profanity_nh,J'aimerais être plus douée pour fermer ma gueule parfois.,non-hateful,hateful
french-1164,292,profanity_nh,"La nuit dernière, on était défoncé, mec.",non-hateful,hateful
french-1166,294,profanity_nh,"Non mais sérieux, on est trop défoncé. ",non-hateful,hateful
french-1169,297,profanity_nh,"Fils de pute, comment c'est possible ?",non-hateful,hateful
french-1170,298,profanity_nh,Cette chanson prouve que c'est trop un talentueux d'enfoiré de fils de pute. ,non-hateful,hateful
french-1171,299,profanity_nh,"Je déchire carrément, putain de fils de pute. ",non-hateful,hateful
french-1172,300,profanity_nh,J'aimerais être aussi stylé que ce fils de pute.,non-hateful,hateful
french-1173,301,profanity_nh,Cette fille de pute sait vraiment comment écrire un bon film.,non-hateful,hateful
french-1176,304,profanity_nh,Cette merde est incroyable.,non-hateful,hateful
french-1177,305,profanity_nh,"Merde, c'est dingue!",non-hateful,hateful
french-1178,306,profanity_nh,Il avait pas besoin de faire de la merde avant de partir.,non-hateful,hateful
french-1180,308,profanity_nh,J'ai été une merdique avec elle ?,non-hateful,hateful
french-1182,310,profanity_nh,Ma pote vit dans un appartement vraiment merdique.,non-hateful,hateful
french-1184,312,profanity_nh,Désolé d'être un enfoiré. ,non-hateful,hateful
french-1185,313,profanity_nh,J'ai été une gros enfoiré récemment.,non-hateful,hateful
french-1187,315,profanity_nh,"C'était un coup d'enfoiré, je dois avouer.",non-hateful,hateful
french-1188,316,profanity_nh,J'essaie d'éviter d'être un enfoiré.,non-hateful,hateful
french-1189,317,profanity_nh,C'est tellement des conneries.,non-hateful,hateful
french-1190,318,profanity_nh,Il m'a donné une connerie d'excuse.,non-hateful,hateful
french-1191,319,profanity_nh,J'arrive pas à suivre le fil de ses conneries.,non-hateful,hateful
french-1192,320,profanity_nh,Qui croit vraiment toutes les conneries qu'ils sortent ?,non-hateful,hateful
french-1193,321,profanity_nh,Elle n'est pas intéressée par vos conneries.,non-hateful,hateful
french-1194,322,profanity_nh,Ça l'a tellement fait chier quand j'ai dit ça.,non-hateful,hateful
french-1195,323,profanity_nh,J'ai senti que j'avais vraiment fais chier ma mère quand je suis rentrée.,non-hateful,hateful
french-1196,324,profanity_nh,Ça me faisait tellement chier ces derniers temps.,non-hateful,hateful
french-1198,326,profanity_nh,Tu m'étonnes que ça l'ai faite chier. ,non-hateful,hateful
french-1199,327,profanity_nh,Je sais que je devrais pas laisser ce truc me casser les couilles aussi facilement. ,non-hateful,hateful
french-1200,328,profanity_nh,Arrête de me casser les couilles.  ,non-hateful,hateful
french-1201,329,profanity_nh,J'espère que je casse les couilles de personne avec ça. ,non-hateful,hateful
french-1204,332,profanity_nh,Si seulement j'avais pas été un total trou du cul avec elle.,non-hateful,hateful
french-1206,334,profanity_nh,Je peux être un vrai trou du cul parfois. ,non-hateful,hateful
french-1208,336,profanity_nh,Je me suis senti comme un vrai trou du cul après lui avoir dit ça. ,non-hateful,hateful
french-1209,337,profanity_nh,"Putain, j'ai été une vraie salope, non?",non-hateful,hateful
french-1211,339,profanity_nh,"Dire ça, fait que je suis un peu un salaud. ",non-hateful,hateful
french-1212,340,profanity_nh,J'aimerais être un poil moins salopard avec les gens. ,non-hateful,hateful
french-1213,341,profanity_nh,Je sais très bien que les gens pensent que je suis une salope. ,non-hateful,hateful
french-1214,342,profanity_nh,J'ai agi comme une immonde raclure. ,non-hateful,hateful
french-1216,344,profanity_nh,Ma mère pense que je suis une raclure. ,non-hateful,hateful
french-1217,345,profanity_nh,"Oh putain mec, j'ai été une vraie raclure de dire ça.",non-hateful,hateful
french-1218,346,profanity_nh,J'ai pas toujours été une telle raclure. ,non-hateful,hateful
french-1220,348,profanity_nh,On m'a déjà reproché d'avoir été un vrai chieur par le passé.,non-hateful,hateful
french-1223,351,profanity_nh,Est-ce que je suis vraiment une chieuse de lui avoir dit ça?,non-hateful,hateful
french-1224,352,profanity_nh,Faut arrêter de se comporter comme des têtes de con.,non-hateful,hateful
french-1225,353,profanity_nh,J'ai été une vraie tête de con.,non-hateful,hateful
french-1226,354,profanity_nh,Je me suis vraiment comporté comme une tête de con.,non-hateful,hateful
french-1227,355,profanity_nh,Je vais faire de mon mieux pour éviter d'être une tête de con. ,non-hateful,hateful
french-1228,356,profanity_nh,Désolée d'avoir été une tête de con.,non-hateful,hateful
french-1230,358,profanity_nh,Elle a réalisé que cette idée était complètement demeurée.,non-hateful,hateful
french-1233,361,profanity_nh,"Bien sûr que ddemeuré comme je suis, je suis tombé dans le panneau.",non-hateful,hateful
french-1251,364,ref_subs_clause_h,"Chaque fois que des blacks me regardent, je pense qu'ils sont capables de sentir que je n'ai aucun respect pour eux.",hateful,non-hateful
french-1355,379,ref_subs_clause_h,Leurs vies ne valent que de la merde pour moi parce que ce sont des homos.,hateful,non-hateful
french-1358,379,ref_subs_clause_h,Leurs vies ne valent que de la merde pour moi parce que ce sont des musulmans.,hateful,non-hateful
french-1359,379,ref_subs_clause_h,Leurs vies ne valent que de la merde pour moi parce que ce sont des réfugiés.,hateful,non-hateful
french-1502,401,ref_subs_sent_h,On parle des blacks ici. Ils ne peuvent pas s'empêcher d'être de parfaits têtes de cons.,hateful,non-hateful
french-1505,401,ref_subs_sent_h,On parle des réfugiés ici. Ils ne peuvent pas s'empêcher d'être de parfaits têtes de cons.,hateful,non-hateful
french-1565,410,negate_pos_h,Les vies des homos n'ont pas d'importance.,hateful,non-hateful
french-1571,411,negate_pos_h,Les vies des trans ne devraient compter pour personne.,hateful,non-hateful
french-1580,412,negate_pos_h,Vos vies de blacks  n'ont aucune valeur.,hateful,non-hateful
french-1647,422,negate_neg_nh,Soyons clairs : je ne déteste pas les femmes.,non-hateful,hateful
french-1654,423,negate_neg_nh,Il n'y a pas de haine dans mon cœur en ce qui concerne les femmes comme vous.,non-hateful,hateful
french-1657,423,negate_neg_nh,Il n'y a pas de haine dans mon cœur en ce qui concerne les blacks comme vous.,non-hateful,hateful
french-1659,423,negate_neg_nh,Il n'y a pas de haine dans mon cœur en ce qui concerne les musulmans comme vous.,non-hateful,hateful
french-1661,424,negate_neg_nh,Je n'aime pas les gens en général mais je ne manifeste pas de manque de respect particulier pour les femmes.,non-hateful,hateful
french-1662,424,negate_neg_nh,Je n'aime pas les gens en général mais je ne manifeste pas de manque de respect particulier pour les trans.,non-hateful,hateful
french-1663,424,negate_neg_nh,Je n'aime pas les gens en général mais je ne manifeste pas de manque de respect particulier pour les homos.,non-hateful,hateful
french-1664,424,negate_neg_nh,Je n'aime pas les gens en général mais je ne manifeste pas de manque de respect particulier pour les blacks.,non-hateful,hateful
french-1665,424,negate_neg_nh,Je n'aime pas les gens en général mais je ne manifeste pas de manque de respect particulier pour les handicapés.,non-hateful,hateful
french-1667,424,negate_neg_nh,Je n'aime pas les gens en général mais je ne manifeste pas de manque de respect particulier pour les réfugiés.,non-hateful,hateful
french-1671,425,negate_neg_nh,Les gens doivent comprendre que les blacks ne sont pas une menace pour la civilisation.,non-hateful,hateful
french-1672,425,negate_neg_nh,Les gens doivent comprendre que les handicapés ne sont pas une menace pour la civilisation.,non-hateful,hateful
french-1675,426,negate_neg_nh,Je suis heureux que les gens réalisent que les femmes ne sont pas du tout ignorants.,non-hateful,hateful
french-1680,426,negate_neg_nh,Je suis heureux que les gens réalisent que les musulmans ne sont pas du tout ignorants.,non-hateful,hateful
french-1682,427,negate_neg_nh,Il est évident que les femmes sont tout sauf stupides.,non-hateful,hateful
french-1683,427,negate_neg_nh,Il est évident que les trans sont tout sauf stupides.,non-hateful,hateful
french-1684,427,negate_neg_nh,Il est évident que les homos sont tout sauf stupides.,non-hateful,hateful
french-1685,427,negate_neg_nh,Il est évident que les blacks sont tout sauf stupides.,non-hateful,hateful
french-1686,427,negate_neg_nh,Il est évident que les handicapés sont tout sauf stupides.,non-hateful,hateful
french-1687,427,negate_neg_nh,Il est évident que les musulmans sont tout sauf stupides.,non-hateful,hateful
french-1688,427,negate_neg_nh,Il est évident que les réfugiés sont tout sauf stupides.,non-hateful,hateful
french-1690,428,negate_neg_nh,Je n'ai jamais dit que trans était des pourritures.,non-hateful,hateful
french-1691,428,negate_neg_nh,Je n'ai jamais dit que homos était des pourritures.,non-hateful,hateful
french-1693,428,negate_neg_nh,Je n'ai jamais dit que handicapés était des pourritures.,non-hateful,hateful
french-1694,428,negate_neg_nh,Je n'ai jamais dit que musulmans était des pourritures.,non-hateful,hateful
french-1695,428,negate_neg_nh,Je n'ai jamais dit que réfugiés était des pourritures.,non-hateful,hateful
french-1696,429,negate_neg_nh,Nous ne devrions jamais soutenir un politicien qui traite les femmes comme des rebus de l'humanité.,non-hateful,hateful
french-1697,429,negate_neg_nh,Nous ne devrions jamais soutenir un politicien qui traite les trans comme des rebus de l'humanité.,non-hateful,hateful
french-1698,429,negate_neg_nh,Nous ne devrions jamais soutenir un politicien qui traite les homos comme des rebus de l'humanité.,non-hateful,hateful
french-1699,429,negate_neg_nh,Nous ne devrions jamais soutenir un politicien qui traite les blacks comme des rebus de l'humanité.,non-hateful,hateful
french-1700,429,negate_neg_nh,Nous ne devrions jamais soutenir un politicien qui traite les handicapés comme des rebus de l'humanité.,non-hateful,hateful
french-1701,429,negate_neg_nh,Nous ne devrions jamais soutenir un politicien qui traite les musulmans comme des rebus de l'humanité.,non-hateful,hateful
french-1702,429,negate_neg_nh,Nous ne devrions jamais soutenir un politicien qui traite les réfugiés comme des rebus de l'humanité.,non-hateful,hateful
french-1703,430,negate_neg_nh,Les vies des femmes ne valent pas moins que celles des autres.,non-hateful,hateful
french-1708,430,negate_neg_nh,Les vies des musulmans ne valent pas moins que celles des autres.,non-hateful,hateful
french-1709,430,negate_neg_nh,Les vies des réfugiés ne valent pas moins que celles des autres.,non-hateful,hateful
french-1710,431,negate_neg_nh,Je ne tolérerai jamais le meurtre systématique des femmes dans ce pays.,non-hateful,hateful
french-1711,431,negate_neg_nh,Je ne tolérerai jamais le meurtre systématique des trans dans ce pays.,non-hateful,hateful
french-1712,431,negate_neg_nh,Je ne tolérerai jamais le meurtre systématique des homos dans ce pays.,non-hateful,hateful
french-1713,431,negate_neg_nh,Je ne tolérerai jamais le meurtre systématique des blacks dans ce pays.,non-hateful,hateful
french-1714,431,negate_neg_nh,Je ne tolérerai jamais le meurtre systématique des handicapés dans ce pays.,non-hateful,hateful
french-1717,432,negate_neg_nh,Nous ne devons pas faire souffrir les trans plus qu'ils ne le font déjà.,non-hateful,hateful
french-1722,432,negate_neg_nh,Nous ne devons pas faire souffrir les réfugiés plus qu'ils ne le font déjà.,non-hateful,hateful
french-1725,433,negate_neg_nh,Nous ne devrions permettre aucun viol de trans.,non-hateful,hateful
french-1726,433,negate_neg_nh,Nous ne devrions permettre aucun viol d'homo.,non-hateful,hateful
french-1727,433,negate_neg_nh,Nous ne devrions permettre aucun viol de black.,non-hateful,hateful
french-1728,433,negate_neg_nh,Nous ne devrions permettre aucun viol d'handicapé.,non-hateful,hateful
french-1729,433,negate_neg_nh,Nous ne devrions permettre aucun viol de musulman.,non-hateful,hateful
french-1736,434,negate_neg_nh,Je ne ferais jamais de mal à un réfugié.,non-hateful,hateful
french-1743,435,negate_neg_nh,Nous ne devons pas laisser les musulmans se faire attaquer plus longtemps.,non-hateful,hateful
french-1744,435,negate_neg_nh,Nous ne devons pas laisser les réfugiés se faire attaquer plus longtemps.,non-hateful,hateful
french-1746,436,negate_neg_nh,Les trans ne méritent pas de se faire torturer comme ça.,non-hateful,hateful
french-1748,436,negate_neg_nh,Les blacks ne méritent pas de se faire torturer comme ça.,non-hateful,hateful
french-1750,436,negate_neg_nh,Les musulmans ne méritent pas de se faire torturer comme ça.,non-hateful,hateful
french-1755,437,negate_neg_nh,Nous ne devons jamais tolérer que quelque black que ce soit se fasse tuer.,non-hateful,hateful
french-1759,438,negate_neg_nh,Aucun trans ne mérite de mourir.,non-hateful,hateful
french-1762,438,negate_neg_nh,Aucun handicapé ne mérite de mourir.,non-hateful,hateful
french-1766,439,negate_neg_nh,Nous ne devrions pas laisser souffrir les femmes.,non-hateful,hateful
french-1770,439,negate_neg_nh,Nous ne devrions pas laisser souffrir les handicapés.,non-hateful,hateful
french-1772,439,negate_neg_nh,Nous ne devrions pas laisser souffrir les réfugiés.,non-hateful,hateful
french-1774,440,negate_neg_nh,Ne restons pas les bras croisés pendant que les trans se font assassiner.,non-hateful,hateful
french-1775,440,negate_neg_nh,Ne restons pas les bras croisés pendant que les homos se font assassiner.,non-hateful,hateful
french-1778,440,negate_neg_nh,Ne restons pas les bras croisés pendant que les musulmans se font assassiner.,non-hateful,hateful
french-1780,441,negate_neg_nh,Aucun trans ne mérite d'être exécuté.,non-hateful,hateful
french-1781,441,negate_neg_nh,Aucun homo ne mérite d'être exécuté.,non-hateful,hateful
french-1782,441,negate_neg_nh,Aucun black ne mérite d'être exécuté.,non-hateful,hateful
french-1785,441,negate_neg_nh,Aucun réfugié ne mérite d'être exécuté.,non-hateful,hateful
french-1786,441,negate_neg_nh,Aucune femme ne mérite d'être exécutée.,non-hateful,hateful
french-1790,442,phrase_question_h,N'est-il pas évident que je déteste les blacks ?,hateful,non-hateful
french-1791,442,phrase_question_h,N'est-il pas évident que je déteste les handicapés ?,hateful,non-hateful
french-1809,445,phrase_question_h,Est-ce vraiment possible que les gens ne se rendent pas compte à quel point les trans sont dégueulasses ?,hateful,non-hateful
french-1812,445,phrase_question_h,Est-ce vraiment possible que les gens ne se rendent pas compte à quel point les handicapés sont dégueulasses ?,hateful,non-hateful
french-1850,451,phrase_question_h,Pourquoi les gens ne reconnaissent-ils pas que la vie des femmes ne vaut pas un clou ?,hateful,non-hateful
french-1852,451,phrase_question_h,Pourquoi les gens ne reconnaissent-ils pas que la vie des homos ne vaut pas un clou ?,hateful,non-hateful
french-1853,451,phrase_question_h,Pourquoi les gens ne reconnaissent-ils pas que la vie des blacks ne vaut pas un clou ?,hateful,non-hateful
french-1881,455,phrase_question_h,Pourquoi ne pas se debarrasser des blacks une fois pour toutes ?,hateful,non-hateful
french-1900,458,phrase_question_h,Ai-je tort de penser que ce genre d'trans devrait être exécuté ?,hateful,non-hateful
french-1901,458,phrase_question_h,Ai-je tort de penser que ce genre d'homos devrait être exécuté ?,hateful,non-hateful
french-1913,460,phrase_question_h,-,hateful,non-hateful
french-2020,476,phrase_opinion_h,"Personnellement, je pense que nous devrions juste pendre haut et court tous ces homos. ",hateful,non-hateful
french-2024,476,phrase_opinion_h,"Personnellement, je pense que nous devrions juste pendre haut et court tous ces réfugiés. ",hateful,non-hateful
french-2025,476,phrase_opinion_h,"Personnellement, je pense que nous devrions juste pendre haut et court toutes ces femmes.",hateful,non-hateful
french-2026,477,phrase_opinion_h,"De mon point de vue, ce genre de trans devrait être exécuté.",hateful,non-hateful
french-2050,480,phrase_opinion_h,"En ce qui me concerne, les handicapés peuvent tous aller se faire fenculer.",hateful,non-hateful
french-2053,480,phrase_opinion_h,"En ce qui me concerne, les femmes peuvent toutes aller se faire enculer.",hateful,non-hateful
french-2061,482,ident_neutral_nh,Je suis un trans.,non-hateful,hateful
french-2063,482,ident_neutral_nh,Je suis un black.,non-hateful,hateful
french-2064,482,ident_neutral_nh,Je suis un handicapé.,non-hateful,hateful
french-2065,482,ident_neutral_nh,Je suis un musulman.,non-hateful,hateful
french-2066,482,ident_neutral_nh,Je suis un réfugié.,non-hateful,hateful
french-2074,483,ident_neutral_nh,Je vis avec deux réfugiés.,non-hateful,hateful
french-2080,484,ident_neutral_nh,Nous sommes un groupe de musulmans.,non-hateful,hateful
french-2082,485,ident_neutral_nh,Son collègue est un trans.,non-hateful,hateful
french-2084,485,ident_neutral_nh,Son collègue est un black.,non-hateful,hateful
french-2086,485,ident_neutral_nh,Son collègue est un musulman.,non-hateful,hateful
french-2087,485,ident_neutral_nh,Son collègue est un réfugié.,non-hateful,hateful
french-2088,485,ident_neutral_nh,Sa collègue est une femme.,non-hateful,hateful
french-2089,486,ident_neutral_nh,Ils travaillent avec beaucoup de femmes.,non-hateful,hateful
french-2091,486,ident_neutral_nh,Ils travaillent avec beaucoup d'homos.,non-hateful,hateful
french-2092,486,ident_neutral_nh,Ils travaillent avec beaucoup de blacks.,non-hateful,hateful
french-2093,486,ident_neutral_nh,Ils travaillent avec beaucoup d'handicapés.,non-hateful,hateful
french-2095,486,ident_neutral_nh,Ils travaillent avec beaucoup de réfugiés.,non-hateful,hateful
french-2096,487,ident_neutral_nh,Je ne connais pas beaucoup de femmes.,non-hateful,hateful
french-2097,487,ident_neutral_nh,Je ne connais pas beaucoup de trans.,non-hateful,hateful
french-2098,487,ident_neutral_nh,Je ne connais pas beaucoup d'homos.,non-hateful,hateful
french-2099,487,ident_neutral_nh,Je ne connais pas beaucoup de blacks.,non-hateful,hateful
french-2101,487,ident_neutral_nh,Je ne connais pas beaucoup de musulmans.,non-hateful,hateful
french-2102,487,ident_neutral_nh,Je ne connais pas beaucoup de réfugiés.,non-hateful,hateful
french-2105,488,ident_neutral_nh,Y a-t-il des homos dans votre cours ?,non-hateful,hateful
french-2107,488,ident_neutral_nh,Y a-t-il des handicapés dans votre cours ?,non-hateful,hateful
french-2108,488,ident_neutral_nh,Y a-t-il des musulmans dans votre cours ?,non-hateful,hateful
french-2109,488,ident_neutral_nh,Y a-t-il des réfugiés dans votre cours ?,non-hateful,hateful
french-2113,489,ident_neutral_nh,J'apprends beaucoup de choses sur les blacks en ce moment.,non-hateful,hateful
french-2114,489,ident_neutral_nh,J'apprends beaucoup de choses sur les handicapés en ce moment.,non-hateful,hateful
french-2118,490,ident_neutral_nh,Son thérapeute est homo.,non-hateful,hateful
french-2120,490,ident_neutral_nh,Son thérapeute est handicapé.,non-hateful,hateful
french-2122,490,ident_neutral_nh,Son thérapeute est réfugié.,non-hateful,hateful
french-2124,491,ident_neutral_nh,Il y a un trans dans mon équipe de football.,non-hateful,hateful
french-2125,491,ident_neutral_nh,Il y a un homo dans mon équipe de football.,non-hateful,hateful
french-2127,491,ident_neutral_nh,Il y a un handicapé dans mon équipe de football.,non-hateful,hateful
french-2130,491,ident_neutral_nh,Il y a une femme dans mon équipe de football.,non-hateful,hateful
french-2132,492,ident_neutral_nh,Le guitariste de ce groupe est un homo.,non-hateful,hateful
french-2134,492,ident_neutral_nh,Le guitariste de ce groupe est un handicapé.,non-hateful,hateful
french-2135,492,ident_neutral_nh,Le guitariste de ce groupe est un musulman.,non-hateful,hateful
french-2136,492,ident_neutral_nh,Le guitariste de ce groupe est un réfugié.,non-hateful,hateful
french-2139,493,ident_neutral_nh,C'est la première fois qu'un homo est nommé.,non-hateful,hateful
french-2140,493,ident_neutral_nh,C'est la première fois qu'un black est nommé.,non-hateful,hateful
french-2142,493,ident_neutral_nh,C'est la première fois qu'un musulman est nommé.,non-hateful,hateful
french-2144,493,ident_neutral_nh,C'est la première fois qu'une femme est nommée.,non-hateful,hateful
french-2145,494,ident_neutral_nh,Plus de la moitié des participants étaient trans.,non-hateful,hateful
french-2146,494,ident_neutral_nh,Plus de la moitié des participants étaient homos.,non-hateful,hateful
french-2149,494,ident_neutral_nh,Plus de la moitié des participants étaient musulmans.,non-hateful,hateful
french-2150,494,ident_neutral_nh,Plus de la moitié des participants étaient réfugiés.,non-hateful,hateful
french-2152,495,ident_neutral_nh,Trois trans ont été élus au parlement aujourd'hui.,non-hateful,hateful
french-2153,495,ident_neutral_nh,Trois homos ont été élus au parlement aujourd'hui.,non-hateful,hateful
french-2155,495,ident_neutral_nh,Trois handicapés ont été élus au parlement aujourd'hui.,non-hateful,hateful
french-2157,495,ident_neutral_nh,Trois réfugiés ont été élus au parlement aujourd'hui.,non-hateful,hateful
french-2160,496,ident_neutral_nh,Nous n'avons jamais eu de président homo.,non-hateful,hateful
french-2162,496,ident_neutral_nh,Nous n'avons jamais eu de président handicapé.,non-hateful,hateful
french-2164,496,ident_neutral_nh,Nous n'avons jamais eu de président réfugié.,non-hateful,hateful
french-2167,497,ident_neutral_nh,Il y a très peu de trans dans mon école.,non-hateful,hateful
french-2169,497,ident_neutral_nh,Il y a très peu de blacks dans mon école.,non-hateful,hateful
french-2170,497,ident_neutral_nh,Il y a très peu d'handicapés dans mon école.,non-hateful,hateful
french-2171,497,ident_neutral_nh,Il y a très peu de musulmans dans mon école.,non-hateful,hateful
french-2174,498,ident_neutral_nh,Nous ne couvrons pas beaucoup d'auteurs homo.,non-hateful,hateful
french-2175,498,ident_neutral_nh,Nous ne couvrons pas beaucoup d'auteurs black.,non-hateful,hateful
french-2177,498,ident_neutral_nh,Nous ne couvrons pas beaucoup d'auteurs musulman.,non-hateful,hateful
french-2179,498,ident_neutral_nh,Nous ne couvrons pas beaucoup d'auteures femme.,non-hateful,hateful
french-2181,499,ident_neutral_nh,Le PDG de cette entreprise est un homo.,non-hateful,hateful
french-2185,499,ident_neutral_nh,Le PDG de cette entreprise est un réfugié.,non-hateful,hateful
french-2188,500,ident_neutral_nh,Mon responsable est également un homo.,non-hateful,hateful
french-2189,500,ident_neutral_nh,Mon responsable est également un black.,non-hateful,hateful
french-2190,500,ident_neutral_nh,Mon responsable est également un handicapé.,non-hateful,hateful
french-2192,500,ident_neutral_nh,Mon responsable est également un réfugié.,non-hateful,hateful
french-2193,500,ident_neutral_nh,Ma responsable est également une femme.,non-hateful,hateful
french-2194,501,ident_neutral_nh,Il y a pas mal de femmes qui vivent dans le coin.,non-hateful,hateful
french-2195,501,ident_neutral_nh,Il y a pas mal de trans qui vivent dans le coin.,non-hateful,hateful
french-2196,501,ident_neutral_nh,Il y a pas mal d'homos qui vivent dans le coin.,non-hateful,hateful
french-2198,501,ident_neutral_nh,Il y a pas mal d'handicapés qui vivent dans le coin.,non-hateful,hateful
french-2199,501,ident_neutral_nh,Il y a pas mal de musulmans qui vivent dans le coin.,non-hateful,hateful
french-2200,501,ident_neutral_nh,Il y a pas mal de réfugiés qui vivent dans le coin.,non-hateful,hateful
french-2210,503,ident_pos_nh,J'adore les homos.,non-hateful,hateful
french-2217,504,ident_pos_nh,J'ai une admiration tellement forte pour les homos comme vous.,non-hateful,hateful
french-2227,505,ident_pos_nh,Ces musulmans me rendent tellement heureux.,non-hateful,hateful
french-2228,505,ident_pos_nh,Ces réfugiés me rendent tellement heureux.,non-hateful,hateful
french-2230,506,ident_pos_nh,Voir des trans au gouvernement me rend tellement fier.,non-hateful,hateful
french-2231,506,ident_pos_nh,Voir des homos au gouvernement me rend tellement fier.,non-hateful,hateful
french-2235,506,ident_pos_nh,Voir des réfugiés au gouvernement me rend tellement fier.,non-hateful,hateful
french-2240,507,ident_pos_nh,Les handicapés sont magnifiques.,non-hateful,hateful
french-2241,507,ident_pos_nh,Les musulmans sont magnifiques.,non-hateful,hateful
french-2242,507,ident_pos_nh,Les réfugiés sont magnifiques.,non-hateful,hateful
french-2244,508,ident_pos_nh,Les trans comme toi sont sublimes.,non-hateful,hateful
french-2245,508,ident_pos_nh,Les homos comme toi sont sublimes.,non-hateful,hateful
french-2246,508,ident_pos_nh,Les blacks comme toi sont sublimes.,non-hateful,hateful
french-2248,508,ident_pos_nh,Les musulmans comme toi sont sublimes.,non-hateful,hateful
french-2249,508,ident_pos_nh,Les réfugiés comme toi sont sublimes.,non-hateful,hateful
french-2251,509,ident_pos_nh,Tous les homos comme eux sont incroyables.,non-hateful,hateful
french-2252,509,ident_pos_nh,Tous les blacks comme eux sont incroyables.,non-hateful,hateful
french-2253,509,ident_pos_nh,Tous les handicapés comme eux sont incroyables.,non-hateful,hateful
french-2256,509,ident_pos_nh,Toutes les femmes comme elles sont incroyables.,non-hateful,hateful
french-2259,510,ident_pos_nh,Les homos à un poste de responsabilité fait honneur à notre société.,non-hateful,hateful
french-2265,511,ident_pos_nh,Seuls les homos sont à ce point gentils et compatissants.,non-hateful,hateful
french-2267,511,ident_pos_nh,Seuls les handicapés sont à ce point gentils et compatissants.,non-hateful,hateful
french-2271,512,ident_pos_nh,Les femmes sont formidables.,non-hateful,hateful
french-2272,512,ident_pos_nh,Les trans sont formidables.,non-hateful,hateful
french-2274,512,ident_pos_nh,Les blacks sont formidables.,non-hateful,hateful
french-2283,513,ident_pos_nh,Les réfugiés comme vous sont des héros absolus,non-hateful,hateful
french-2285,514,ident_pos_nh,Les femmes sont des êtres merveilleux.,non-hateful,hateful
french-2286,514,ident_pos_nh,Les trans sont des êtres merveilleux.,non-hateful,hateful
french-2288,514,ident_pos_nh,Les blacks sont des êtres merveilleux.,non-hateful,hateful
french-2290,514,ident_pos_nh,Les musulmans sont des êtres merveilleux.,non-hateful,hateful
french-2292,515,ident_pos_nh,Les vies des femmes ont tellement de valeur.,non-hateful,hateful
french-2296,515,ident_pos_nh,Les vies des handicapés ont tellement de valeur.,non-hateful,hateful
french-2298,515,ident_pos_nh,Les vies des réfugiés ont tellement de valeur.,non-hateful,hateful
french-2303,516,ident_pos_nh,Les handicapés sont fantastiques.,non-hateful,hateful
french-2305,516,ident_pos_nh,Les réfugiés sont fantastiques.,non-hateful,hateful
french-2308,517,ident_pos_nh,Vous et tous les autres blacks êtes une bénédiction pour la société.,non-hateful,hateful
french-2313,518,ident_pos_nh,Les femmes ont leur place dans notre gouvernement.,non-hateful,hateful
french-2319,518,ident_pos_nh,Les réfugiés ont leur place dans notre gouvernement.,non-hateful,hateful
french-2323,519,ident_pos_nh,Mettre un handicapé aux commandes est la meilleure chose à faire.,non-hateful,hateful
french-2325,519,ident_pos_nh,Mettre un réfugié aux commandes est la meilleure chose à faire.,non-hateful,hateful
french-2327,520,ident_pos_nh,"Je vais serrer un trans dans mes bras, demain.",non-hateful,hateful
french-2331,520,ident_pos_nh,"Je vais serrer un musulman dans mes bras, demain.",non-hateful,hateful
french-2332,520,ident_pos_nh,"Je vais serrer un réfugié dans mes bras, demain.",non-hateful,hateful
french-2334,521,ident_pos_nh,J'aimerais bien sortir avec un trans.,non-hateful,hateful
french-2335,521,ident_pos_nh,J'aimerais bien sortir avec un homo.,non-hateful,hateful
french-2337,521,ident_pos_nh,J'aimerais bien sortir avec un handicapé.,non-hateful,hateful
french-2339,521,ident_pos_nh,J'aimerais bien sortir avec un réfugié.,non-hateful,hateful
french-2341,522,ident_pos_nh,Je vais donner envie de sourire à ces femmes.,non-hateful,hateful
french-2342,522,ident_pos_nh,Je vais donner envie de sourire à ces trans.,non-hateful,hateful
french-2344,522,ident_pos_nh,Je vais donner envie de sourire à ces blacks.,non-hateful,hateful
french-2345,522,ident_pos_nh,Je vais donner envie de sourire à ces handicapés.,non-hateful,hateful
french-2346,522,ident_pos_nh,Je vais donner envie de sourire à ces musulmans.,non-hateful,hateful
french-2356,524,ident_pos_nh,"Je vous prendrai dans mes bras, vous et tous les autres homos comme vous.",non-hateful,hateful
french-2366,525,ident_pos_nh,Montrons juste du respect à ces handicapés.,non-hateful,hateful
french-2367,525,ident_pos_nh,Montrons juste du respect à ces musulmans.,non-hateful,hateful
french-2368,525,ident_pos_nh,Montrons juste du respect à ces réfugiés.,non-hateful,hateful
french-2370,526,ident_pos_nh,Je prendrai soin de chaque trans comme toi.,non-hateful,hateful
french-2375,526,ident_pos_nh,Je prendrai soin de chaque réfugié comme toi.,non-hateful,hateful
french-2377,527,ident_pos_nh,Les homos devraient tous être admirés.,non-hateful,hateful
french-2379,527,ident_pos_nh,Les handicapés devraient tous être admirés.,non-hateful,hateful
french-2380,527,ident_pos_nh,Les musulmans devraient tous être admirés.,non-hateful,hateful
french-2382,528,ident_pos_nh,Nous devrions admirer ces femmes.,non-hateful,hateful
french-2385,528,ident_pos_nh,Nous devrions admirer ces blacks.,non-hateful,hateful
french-2389,529,ident_pos_nh,Ce type de trans devrait être célébré.,non-hateful,hateful
french-2390,529,ident_pos_nh,Ce type d'homos devrait être célébré.,non-hateful,hateful
french-2391,529,ident_pos_nh,Ce type de blacks devrait être célébré.,non-hateful,hateful
french-2392,529,ident_pos_nh,Ce type d'handicapés devrait être célébré.,non-hateful,hateful
french-2393,529,ident_pos_nh,Ce type de musulmans devrait être célébré.,non-hateful,hateful
french-2396,530,ident_pos_nh,"Dans un monde juste, les trans seraient tous mis à l'honneur.",non-hateful,hateful
french-2399,530,ident_pos_nh,"Dans un monde juste, les handicapés seraient tous mis à l'honneur.",non-hateful,hateful
french-2403,531,ident_pos_nh,Le monde se porterait moins bien sans les femmes comme vous.,non-hateful,hateful
french-2404,531,ident_pos_nh,Le monde se porterait moins bien sans les trans comme vous.,non-hateful,hateful
french-2405,531,ident_pos_nh,Le monde se porterait moins bien sans les homos comme vous.,non-hateful,hateful
french-2406,531,ident_pos_nh,Le monde se porterait moins bien sans les blacks comme vous.,non-hateful,hateful
french-2407,531,ident_pos_nh,Le monde se porterait moins bien sans les handicapés comme vous.,non-hateful,hateful
french-2408,531,ident_pos_nh,Le monde se porterait moins bien sans les musulmans comme vous.,non-hateful,hateful
french-2409,531,ident_pos_nh,Le monde se porterait moins bien sans les réfugiés comme vous.,non-hateful,hateful
french-2410,532,counter_quote_nh,"Si vous dites ""Je déteste les femmes"", ça veut dire que vous êtes sectaire !",non-hateful,hateful
french-2412,532,counter_quote_nh,"Si vous dites ""Je déteste les homos"", ça veut dire que vous êtes sectaire !",non-hateful,hateful
french-2414,532,counter_quote_nh,"Si vous dites ""Je déteste les handicapés"", ça veut dire que vous êtes sectaire !",non-hateful,hateful
french-2415,532,counter_quote_nh,"Si vous dites ""Je déteste les musulmans"", ça veut dire que vous êtes sectaire !",non-hateful,hateful
french-2416,532,counter_quote_nh,"Si vous dites ""Je déteste les réfugiés"", ça veut dire que vous êtes sectaire !",non-hateful,hateful
french-2419,533,counter_quote_nh,"Qu'est-ce qui vous fait dire des choses comme ""ces homos me dégoûtent tellement"" ?",non-hateful,hateful
french-2420,533,counter_quote_nh,"Qu'est-ce qui vous fait dire des choses comme ""ces blacks me dégoûtent tellement"" ?",non-hateful,hateful
french-2421,533,counter_quote_nh,"Qu'est-ce qui vous fait dire des choses comme ""ces handicapés me dégoûtent tellement"" ?",non-hateful,hateful
french-2422,533,counter_quote_nh,"Qu'est-ce qui vous fait dire des choses comme ""ces musulmans me dégoûtent tellement"" ?",non-hateful,hateful
french-2423,533,counter_quote_nh,"Qu'est-ce qui vous fait dire des choses comme ""ces réfugiés me dégoûtent tellement"" ?",non-hateful,hateful
french-2424,534,counter_quote_nh,"Si je vois un commentaire du type ""Les femmes comme vous me rendent malade"", je le signalerai.",non-hateful,hateful
french-2425,534,counter_quote_nh,"Si je vois un commentaire du type ""Les trans comme vous me rendent malade"", je le signalerai.",non-hateful,hateful
french-2426,534,counter_quote_nh,"Si je vois un commentaire du type ""Les homos comme vous me rendent malade"", je le signalerai.",non-hateful,hateful
french-2427,534,counter_quote_nh,"Si je vois un commentaire du type ""Les blacks comme vous me rendent malade"", je le signalerai.",non-hateful,hateful
french-2429,534,counter_quote_nh,"Si je vois un commentaire du type ""Les musulmans comme vous me rendent malade"", je le signalerai.",non-hateful,hateful
french-2430,534,counter_quote_nh,"Si je vois un commentaire du type ""Les réfugiés comme vous me rendent malade"", je le signalerai.",non-hateful,hateful
french-2431,535,counter_quote_nh,"Comment pouvez-vous dire ""Les femmes sont dégueulasses"" et ne pas réaliser qu'il s'agit de propos haineux ?",non-hateful,hateful
french-2433,535,counter_quote_nh,"Comment pouvez-vous dire ""Les homos sont dégueulasses"" et ne pas réaliser qu'il s'agit de propos haineux ?",non-hateful,hateful
french-2434,535,counter_quote_nh,"Comment pouvez-vous dire ""Les blacks sont dégueulasses"" et ne pas réaliser qu'il s'agit de propos haineux ?",non-hateful,hateful
french-2435,535,counter_quote_nh,"Comment pouvez-vous dire ""Les handicapés sont dégueulasses"" et ne pas réaliser qu'il s'agit de propos haineux ?",non-hateful,hateful
french-2440,536,counter_quote_nh,"Je ne tolérerai pas de messages du type ""Les homos sont absolument abjects"" dans mon fil d'actualité.",non-hateful,hateful
french-2441,536,counter_quote_nh,"Je ne tolérerai pas de messages du type ""Les blacks sont absolument abjects"" dans mon fil d'actualité.",non-hateful,hateful
french-2442,536,counter_quote_nh,"Je ne tolérerai pas de messages du type ""Les handicapés sont absolument abjects"" dans mon fil d'actualité.",non-hateful,hateful
french-2443,536,counter_quote_nh,"Je ne tolérerai pas de messages du type ""Les musulmans sont absolument abjects"" dans mon fil d'actualité.",non-hateful,hateful
french-2444,536,counter_quote_nh,"Je ne tolérerai pas de messages du type ""Les réfugiés sont absolument abjects"" dans mon fil d'actualité.",non-hateful,hateful
french-2445,537,counter_quote_nh,"Des déclarations telles que ""Les femmes sont des pourritures"" sont profondément blessantes.",non-hateful,hateful
french-2446,537,counter_quote_nh,"Des déclarations telles que ""Les trans sont des pourritures"" sont profondément blessantes.",non-hateful,hateful
french-2448,537,counter_quote_nh,"Des déclarations telles que ""Les blacks sont des pourritures"" sont profondément blessantes.",non-hateful,hateful
french-2449,537,counter_quote_nh,"Des déclarations telles que ""Les handicapés sont des pourritures"" sont profondément blessantes.",non-hateful,hateful
french-2451,537,counter_quote_nh,"Des déclarations telles que ""Les réfugiés sont des pourritures"" sont profondément blessantes.",non-hateful,hateful
french-2452,538,counter_quote_nh,"Vous ne pouvez pas croire sérieusement que ""Les femmes sont des êtres inférieurs"".",non-hateful,hateful
french-2453,538,counter_quote_nh,"Vous ne pouvez pas croire sérieusement que ""Les trans sont des êtres inférieurs"".",non-hateful,hateful
french-2454,538,counter_quote_nh,"Vous ne pouvez pas croire sérieusement que ""Les homos sont des êtres inférieurs"".",non-hateful,hateful
french-2455,538,counter_quote_nh,"Vous ne pouvez pas croire sérieusement que ""Les blacks sont des êtres inférieurs"".",non-hateful,hateful
french-2456,538,counter_quote_nh,"Vous ne pouvez pas croire sérieusement que ""Les handicapés sont des êtres inférieurs"".",non-hateful,hateful
french-2457,538,counter_quote_nh,"Vous ne pouvez pas croire sérieusement que ""Les musulmans sont des êtres inférieurs"".",non-hateful,hateful
french-2458,538,counter_quote_nh,"Vous ne pouvez pas croire sérieusement que ""Les réfugiés sont des êtres inférieurs"".",non-hateful,hateful
french-2460,539,counter_quote_nh,"Ils ne doivent pas s'en tirer aussi facilement quand il font des commentaires du style ""vos vies de trans sont sans aucune valeur"".",non-hateful,hateful
french-2461,539,counter_quote_nh,"Ils ne doivent pas s'en tirer aussi facilement quand il font des commentaires du style ""vos vies d'homos sont sans aucune valeur"".",non-hateful,hateful
french-2462,539,counter_quote_nh,"Ils ne doivent pas s'en tirer aussi facilement quand il font des commentaires du style ""vos vies de blacks sont sans aucune valeur"".",non-hateful,hateful
french-2463,539,counter_quote_nh,"Ils ne doivent pas s'en tirer aussi facilement quand il font des commentaires du style ""vos vies d'handicapés sont sans aucune valeur"".",non-hateful,hateful
french-2464,539,counter_quote_nh,"Ils ne doivent pas s'en tirer aussi facilement quand il font des commentaires du style ""vos vies de musulmans sont sans aucune valeur"".",non-hateful,hateful
french-2465,539,counter_quote_nh,"Ils ne doivent pas s'en tirer aussi facilement quand il font des commentaires du style ""vos vies de réfugiés sont sans aucune valeur"".",non-hateful,hateful
french-2467,540,counter_quote_nh,"C'est tellement déshumanisant de dire ""Les trans sont un cancer pour l'humanité"".",non-hateful,hateful
french-2471,540,counter_quote_nh,"C'est tellement déshumanisant de dire ""Les musulmans sont un cancer pour l'humanité"".",non-hateful,hateful
french-2472,540,counter_quote_nh,"C'est tellement déshumanisant de dire ""Les réfugiés sont un cancer pour l'humanité"".",non-hateful,hateful
french-2473,541,counter_quote_nh,"Tu mériterais d'être mis en prison pour des menaces du style ""Je vais devoir violer un trans aujourd'hui"".",non-hateful,hateful
french-2474,541,counter_quote_nh,"Tu mériterais d'être mis en prison pour des menaces du style ""Je vais devoir violer un homo aujourd'hui"".",non-hateful,hateful
french-2476,541,counter_quote_nh,"Tu mériterais d'être mis en prison pour des menaces du style ""Je vais devoir violer un handicapé aujourd'hui"".",non-hateful,hateful
french-2477,541,counter_quote_nh,"Tu mériterais d'être mis en prison pour des menaces du style ""Je vais devoir violer un musulman aujourd'hui"".",non-hateful,hateful
french-2478,541,counter_quote_nh,"Tu mériterais d'être mis en prison pour des menaces du style ""Je vais devoir violer un réfugié aujourd'hui"".",non-hateful,hateful
french-2479,541,counter_quote_nh,"Tu mériterais d'être mis en prison pour des menaces du style ""Je vais devoir violer une femme aujourd'hui"".",non-hateful,hateful
french-2480,542,counter_quote_nh,"Il devrait être en prison pour avoir souhaité ""la mort de tous les trans"".",non-hateful,hateful
french-2483,542,counter_quote_nh,"Il devrait être en prison pour avoir souhaité ""la mort de tous les handicapés"".",non-hateful,hateful
french-2484,542,counter_quote_nh,"Il devrait être en prison pour avoir souhaité ""la mort de tous les musulmans"".",non-hateful,hateful
french-2485,542,counter_quote_nh,"Il devrait être en prison pour avoir souhaité ""la mort de tous les réfugiés"".",non-hateful,hateful
french-2486,542,counter_quote_nh,"Il devrait être en prison pour avoir souhaité ""la mort de toutes les femmes"".",non-hateful,hateful
french-2487,543,counter_quote_nh,"Vous pouvez écrire ""Je vais massacrer tous les trans de ton espèce"", mais je vous poursuivrai en justice l'avoir fait.",non-hateful,hateful
french-2488,543,counter_quote_nh,"Vous pouvez écrire ""Je vais massacrer tous les homo de ton espèce"", mais je vous poursuivrai en justice l'avoir fait.",non-hateful,hateful
french-2489,543,counter_quote_nh,"Vous pouvez écrire ""Je vais massacrer tous les black de ton espèce"", mais je vous poursuivrai en justice l'avoir fait.",non-hateful,hateful
french-2490,543,counter_quote_nh,"Vous pouvez écrire ""Je vais massacrer tous les handicapé de ton espèce"", mais je vous poursuivrai en justice l'avoir fait.",non-hateful,hateful
french-2491,543,counter_quote_nh,"Vous pouvez écrire ""Je vais massacrer tous les musulman de ton espèce"", mais je vous poursuivrai en justice l'avoir fait.",non-hateful,hateful
french-2492,543,counter_quote_nh,"Vous pouvez écrire ""Je vais massacrer tous les réfugié de ton espèce"", mais je vous poursuivrai en justice l'avoir fait.",non-hateful,hateful
french-2493,543,counter_quote_nh,"Vous pouvez écrire ""Je vais massacrer toutes les femme de ton espèce"", mais je vous poursuivrai en justice l'avoir fait.",non-hateful,hateful
french-2494,544,counter_quote_nh,"Elle devrait être virée de la plate-forme pour avoir dit ""Les trans devraient tous être tués"".",non-hateful,hateful
french-2495,544,counter_quote_nh,"Elle devrait être virée de la plate-forme pour avoir dit ""Les homos devraient tous être tués"".",non-hateful,hateful
french-2496,544,counter_quote_nh,"Elle devrait être virée de la plate-forme pour avoir dit ""Les blacks devraient tous être tués"".",non-hateful,hateful
french-2497,544,counter_quote_nh,"Elle devrait être virée de la plate-forme pour avoir dit ""Les handicapés devraient tous être tués"".",non-hateful,hateful
french-2498,544,counter_quote_nh,"Elle devrait être virée de la plate-forme pour avoir dit ""Les musulmans devraient tous être tués"".",non-hateful,hateful
french-2499,544,counter_quote_nh,"Elle devrait être virée de la plate-forme pour avoir dit ""Les réfugiés devraient tous être tués"".",non-hateful,hateful
french-2502,545,counter_quote_nh,"Vous devez avoir une bien triste vie pour écrire des choses du style ""Les trans méritent de mourir"".",non-hateful,hateful
french-2503,545,counter_quote_nh,"Vous devez avoir une bien triste vie pour écrire des choses du style ""Les homos méritent de mourir"".",non-hateful,hateful
french-2504,545,counter_quote_nh,"Vous devez avoir une bien triste vie pour écrire des choses du style ""Les blacks méritent de mourir"".",non-hateful,hateful
french-2505,545,counter_quote_nh,"Vous devez avoir une bien triste vie pour écrire des choses du style ""Les handicapés méritent de mourir"".",non-hateful,hateful
french-2506,545,counter_quote_nh,"Vous devez avoir une bien triste vie pour écrire des choses du style ""Les musulmans méritent de mourir"".",non-hateful,hateful
french-2507,545,counter_quote_nh,"Vous devez avoir une bien triste vie pour écrire des choses du style ""Les réfugiés méritent de mourir"".",non-hateful,hateful
french-2508,546,counter_quote_nh,"Je n'ai aucun respect pour les personnes qui écrivent des trucs comme ""trop de putes dans ce pays"".",non-hateful,hateful
french-2509,546,counter_quote_nh,"Je n'ai aucun respect pour les personnes qui écrivent des trucs comme ""trop de salopes dans ce pays"".",non-hateful,hateful
french-2510,546,counter_quote_nh,"Je n'ai aucun respect pour les personnes qui écrivent des trucs comme ""trop de connasses dans ce pays"".",non-hateful,hateful
french-2511,546,counter_quote_nh,"Je n'ai aucun respect pour les personnes qui écrivent des trucs comme ""trop de travelos dans ce pays"".",non-hateful,hateful
french-2512,546,counter_quote_nh,"Je n'ai aucun respect pour les personnes qui écrivent des trucs comme ""trop de pédés dans ce pays"".",non-hateful,hateful
french-2513,546,counter_quote_nh,"Je n'ai aucun respect pour les personnes qui écrivent des trucs comme ""trop de tarlouzes dans ce pays"".",non-hateful,hateful
french-2514,546,counter_quote_nh,"Je n'ai aucun respect pour les personnes qui écrivent des trucs comme ""trop de tafioles dans ce pays"".",non-hateful,hateful
french-2515,546,counter_quote_nh,"Je n'ai aucun respect pour les personnes qui écrivent des trucs comme ""trop de nègresses dans ce pays"".",non-hateful,hateful
french-2517,546,counter_quote_nh,"Je n'ai aucun respect pour les personnes qui écrivent des trucs comme ""trop de négros dans ce pays"".",non-hateful,hateful
french-2518,546,counter_quote_nh,"Je n'ai aucun respect pour les personnes qui écrivent des trucs comme ""trop de dégénérées dans ce pays"".",non-hateful,hateful
french-2519,546,counter_quote_nh,"Je n'ai aucun respect pour les personnes qui écrivent des trucs comme ""trop d'attardés mentaux dans ce pays"".",non-hateful,hateful
french-2520,546,counter_quote_nh,"Je n'ai aucun respect pour les personnes qui écrivent des trucs comme ""trop de mongoliens dans ce pays"".",non-hateful,hateful
french-2521,546,counter_quote_nh,"Je n'ai aucun respect pour les personnes qui écrivent des trucs comme ""trop de bicots dans ce pays"".",non-hateful,hateful
french-2522,546,counter_quote_nh,"Je n'ai aucun respect pour les personnes qui écrivent des trucs comme ""trop de bougnoules dans ce pays"".",non-hateful,hateful
french-2523,546,counter_quote_nh,"Je n'ai aucun respect pour les personnes qui écrivent des trucs comme ""trop de fatmas dans ce pays"".",non-hateful,hateful
french-2525,547,counter_quote_nh,"Les personnes qui m'envoient des messages du type ""Tu n'es qu'un pédé à mes yeux"" seront bloquées.",non-hateful,hateful
french-2528,547,counter_quote_nh,"Les personnes qui m'envoient des messages du type ""Tu n'es qu'un attardé mental à mes yeux"" seront bloquées.",non-hateful,hateful
french-2529,547,counter_quote_nh,"Les personnes qui m'envoient des messages du type ""Tu n'es qu'un mongolien à mes yeux"" seront bloquées.",non-hateful,hateful
french-2530,547,counter_quote_nh,"Les personnes qui m'envoient des messages du type ""Tu n'es qu'un bicot  à mes yeux"" seront bloquées.",non-hateful,hateful
french-2532,547,counter_quote_nh,"Les personnes qui m'envoient des messages du type ""Tu n'es qu'une pute à mes yeux"" seront bloquées.",non-hateful,hateful
french-2533,547,counter_quote_nh,"Les personnes qui m'envoient des messages du type ""Tu n'es qu'une salope à mes yeux"" seront bloquées.",non-hateful,hateful
french-2534,547,counter_quote_nh,"Les personnes qui m'envoient des messages du type ""Tu n'es qu'une connasse à mes yeux"" seront bloquées.",non-hateful,hateful
french-2537,547,counter_quote_nh,"Les personnes qui m'envoient des messages du type ""Tu n'es qu'une nègresse à mes yeux"" seront bloquées.",non-hateful,hateful
french-2540,548,counter_quote_nh,"Il a dit que c'était ""un comportement typique de pute"", ce qui montre à quel point il est sectaire.",non-hateful,hateful
french-2541,548,counter_quote_nh,"Il a dit que c'était ""un comportement typique de salope"", ce qui montre à quel point il est sectaire.",non-hateful,hateful
french-2542,548,counter_quote_nh,"Il a dit que c'était ""un comportement typique de connasse"", ce qui montre à quel point il est sectaire.",non-hateful,hateful
french-2543,548,counter_quote_nh,"Il a dit que c'était ""un comportement typique de travelo"", ce qui montre à quel point il est sectaire.",non-hateful,hateful
french-2545,548,counter_quote_nh,"Il a dit que c'était ""un comportement typique de tarlouze"", ce qui montre à quel point il est sectaire.",non-hateful,hateful
french-2546,548,counter_quote_nh,"Il a dit que c'était ""un comportement typique de tafiole"", ce qui montre à quel point il est sectaire.",non-hateful,hateful
french-2549,548,counter_quote_nh,"Il a dit que c'était ""un comportement typique de négro"", ce qui montre à quel point il est sectaire.",non-hateful,hateful
french-2551,548,counter_quote_nh,"Il a dit que c'était ""un comportement typique d'attardé mental"", ce qui montre à quel point il est sectaire.",non-hateful,hateful
french-2552,548,counter_quote_nh,"Il a dit que c'était ""un comportement typique de mongolien"", ce qui montre à quel point il est sectaire.",non-hateful,hateful
french-2553,548,counter_quote_nh,"Il a dit que c'était ""un comportement typique de bicot "", ce qui montre à quel point il est sectaire.",non-hateful,hateful
french-2555,548,counter_quote_nh,"Il a dit que c'était ""un comportement typique de fatma"", ce qui montre à quel point il est sectaire.",non-hateful,hateful
french-2556,549,counter_quote_nh,"Dire des choses comme ""J'emmerde les femmes"" montre à quel point vous êtes une personne lamentable.",non-hateful,hateful
french-2557,549,counter_quote_nh,"Dire des choses comme ""J'emmerde les trans"" montre à quel point vous êtes une personne lamentable.",non-hateful,hateful
french-2558,549,counter_quote_nh,"Dire des choses comme ""J'emmerde les homos"" montre à quel point vous êtes une personne lamentable.",non-hateful,hateful
french-2559,549,counter_quote_nh,"Dire des choses comme ""J'emmerde les blacks"" montre à quel point vous êtes une personne lamentable.",non-hateful,hateful
french-2562,549,counter_quote_nh,"Dire des choses comme ""J'emmerde les réfugiés"" montre à quel point vous êtes une personne lamentable.",non-hateful,hateful
french-2563,550,counter_quote_nh,"Une expression de haine évidente comme "" les vies des femmes c'est de la merde!"" vous fera exclure avec un peu de chance.",non-hateful,hateful
french-2564,550,counter_quote_nh,"Une expression de haine évidente comme "" les vies des trans c'est de la merde!"" vous fera exclure avec un peu de chance.",non-hateful,hateful
french-2565,550,counter_quote_nh,"Une expression de haine évidente comme "" les vies des homos c'est de la merde!"" vous fera exclure avec un peu de chance.",non-hateful,hateful
french-2566,550,counter_quote_nh,"Une expression de haine évidente comme "" les vies des blacks c'est de la merde!"" vous fera exclure avec un peu de chance.",non-hateful,hateful
french-2567,550,counter_quote_nh,"Une expression de haine évidente comme "" les vies des handicapés c'est de la merde!"" vous fera exclure avec un peu de chance.",non-hateful,hateful
french-2569,550,counter_quote_nh,"Une expression de haine évidente comme "" les vies des réfugiés c'est de la merde!"" vous fera exclure avec un peu de chance.",non-hateful,hateful
french-2571,551,counter_quote_nh,"Écrire que ""tous les homos sont de grosses raclures"" ne donne pas une bonne image de vous.",non-hateful,hateful
french-2573,551,counter_quote_nh,"Écrire que ""tous les handicapés sont de grosses raclures"" ne donne pas une bonne image de vous.",non-hateful,hateful
french-2574,551,counter_quote_nh,"Écrire que ""tous les musulmans sont de grosses raclures"" ne donne pas une bonne image de vous.",non-hateful,hateful
french-2576,551,counter_quote_nh,"Écrire que ""toutes les femmes sont de grosses raclures"" ne donne pas une bonne image de vous.",non-hateful,hateful
french-2578,552,counter_ref_nh,Dire que vous détestez les trans montre à quel point vous vous fourvoyez.,non-hateful,hateful
french-2581,552,counter_ref_nh,Dire que vous détestez les handicapés montre à quel point vous vous fourvoyez.,non-hateful,hateful
french-2584,553,counter_ref_nh,Nous devons dénoncer la haine manifeste des femmes dans notre société.,non-hateful,hateful
french-2587,553,counter_ref_nh,Nous devons dénoncer la haine manifeste des blacks dans notre société.,non-hateful,hateful
french-2588,553,counter_ref_nh,Nous devons dénoncer la haine manifeste des handicapés dans notre société.,non-hateful,hateful
french-2589,553,counter_ref_nh,Nous devons dénoncer la haine manifeste des musulmans dans notre société.,non-hateful,hateful
french-2591,554,counter_ref_nh,Votre manque de respect affiché pour les femmes doit cesser immédiatement.,non-hateful,hateful
french-2593,554,counter_ref_nh,Votre manque de respect affiché pour les homos doit cesser immédiatement.,non-hateful,hateful
french-2594,554,counter_ref_nh,Votre manque de respect affiché pour les blacks doit cesser immédiatement.,non-hateful,hateful
french-2595,554,counter_ref_nh,Votre manque de respect affiché pour les handicapés doit cesser immédiatement.,non-hateful,hateful
french-2597,554,counter_ref_nh,Votre manque de respect affiché pour les réfugiés doit cesser immédiatement.,non-hateful,hateful
french-2598,555,counter_ref_nh,Vous devez arrêter de dire que les femmes sont dégueulasses.,non-hateful,hateful
french-2599,555,counter_ref_nh,Vous devez arrêter de dire que les trans sont dégueulasses.,non-hateful,hateful
french-2601,555,counter_ref_nh,Vous devez arrêter de dire que les blacks sont dégueulasses.,non-hateful,hateful
french-2602,555,counter_ref_nh,Vous devez arrêter de dire que les handicapés sont dégueulasses.,non-hateful,hateful
french-2603,555,counter_ref_nh,Vous devez arrêter de dire que les musulmans sont dégueulasses.,non-hateful,hateful
french-2604,555,counter_ref_nh,Vous devez arrêter de dire que les réfugiés sont dégueulasses.,non-hateful,hateful
french-2605,556,counter_ref_nh,J'ai perdu tout respect pour toi depuis que tu as dit que les femmes comme moi étaient pitoyables.,non-hateful,hateful
french-2606,556,counter_ref_nh,J'ai perdu tout respect pour toi depuis que tu as dit que les trans comme moi étaient pitoyables.,non-hateful,hateful
french-2607,556,counter_ref_nh,J'ai perdu tout respect pour toi depuis que tu as dit que les homos comme moi étaient pitoyables.,non-hateful,hateful
french-2608,556,counter_ref_nh,J'ai perdu tout respect pour toi depuis que tu as dit que les blacks comme moi étaient pitoyables.,non-hateful,hateful
french-2609,556,counter_ref_nh,J'ai perdu tout respect pour toi depuis que tu as dit que les handicapés comme moi étaient pitoyables.,non-hateful,hateful
french-2611,556,counter_ref_nh,J'ai perdu tout respect pour toi depuis que tu as dit que les réfugiés comme moi étaient pitoyables.,non-hateful,hateful
french-2612,557,counter_ref_nh,Vous ne pouvez pas sérieusement croire que tous les trans sont stupides.,non-hateful,hateful
french-2613,557,counter_ref_nh,Vous ne pouvez pas sérieusement croire que tous les homos sont stupides.,non-hateful,hateful
french-2615,557,counter_ref_nh,Vous ne pouvez pas sérieusement croire que tous les handicapés sont stupides.,non-hateful,hateful
french-2616,557,counter_ref_nh,Vous ne pouvez pas sérieusement croire que tous les musulmans sont stupides.,non-hateful,hateful
french-2617,557,counter_ref_nh,Vous ne pouvez pas sérieusement croire que tous les réfugiés sont stupides.,non-hateful,hateful
french-2618,557,counter_ref_nh,Vous ne pouvez pas sérieusement croire que toutes les femmes sont stupides.,non-hateful,hateful
french-2620,558,counter_ref_nh,Vous ne vous rendez pas compte de la haine dont vous faites preuve quand vous traitez les trans d'ordures ?,non-hateful,hateful
french-2621,558,counter_ref_nh,Vous ne vous rendez pas compte de la haine dont vous faites preuve quand vous traitez les homos d'ordures ?,non-hateful,hateful
french-2624,558,counter_ref_nh,Vous ne vous rendez pas compte de la haine dont vous faites preuve quand vous traitez les musulmans d'ordures ?,non-hateful,hateful
french-2625,558,counter_ref_nh,Vous ne vous rendez pas compte de la haine dont vous faites preuve quand vous traitez les réfugiés d'ordures ?,non-hateful,hateful
french-2628,559,counter_ref_nh,Traiter les homos de cafards est une chose terrible à dire.,non-hateful,hateful
french-2630,559,counter_ref_nh,Traiter les handicapés de cafards est une chose terrible à dire.,non-hateful,hateful
french-2631,559,counter_ref_nh,Traiter les musulmans de cafards est une chose terrible à dire.,non-hateful,hateful
french-2632,559,counter_ref_nh,Traiter les réfugiés de cafards est une chose terrible à dire.,non-hateful,hateful
french-2635,560,counter_ref_nh,Ça fait mal de voir toutes ces personnes dire que les vies des homos n'ont aucune valeur.,non-hateful,hateful
french-2636,560,counter_ref_nh,Ça fait mal de voir toutes ces personnes dire que les vies des blacks n'ont aucune valeur.,non-hateful,hateful
french-2638,560,counter_ref_nh,Ça fait mal de voir toutes ces personnes dire que les vies des musulmans n'ont aucune valeur.,non-hateful,hateful
french-2639,560,counter_ref_nh,Ça fait mal de voir toutes ces personnes dire que les vies des réfugiés n'ont aucune valeur.,non-hateful,hateful
french-2640,561,counter_ref_nh,Menacer de tuer tous les trans vous vaudra d'être jeté en prison.,non-hateful,hateful
french-2641,561,counter_ref_nh,Menacer de tuer tous les homos vous vaudra d'être jeté en prison.,non-hateful,hateful
french-2642,561,counter_ref_nh,Menacer de tuer tous les blacks vous vaudra d'être jeté en prison.,non-hateful,hateful
french-2644,561,counter_ref_nh,Menacer de tuer tous les musulmans vous vaudra d'être jeté en prison.,non-hateful,hateful
french-2645,561,counter_ref_nh,Menacer de tuer tous les réfugiés vous vaudra d'être jeté en prison.,non-hateful,hateful
french-2646,561,counter_ref_nh,Menacer de tuer toutes les femmes vous vaudra d'être jeté en prison.,non-hateful,hateful
french-2647,562,counter_ref_nh,Il doit y avoir des conséquences à payer pour avoir dit que vous vouliez violer un trans.,non-hateful,hateful
french-2649,562,counter_ref_nh,Il doit y avoir des conséquences à payer pour avoir dit que vous vouliez violer un black.,non-hateful,hateful
french-2650,562,counter_ref_nh,Il doit y avoir des conséquences à payer pour avoir dit que vous vouliez violer un handicapé.,non-hateful,hateful
french-2651,562,counter_ref_nh,Il doit y avoir des conséquences à payer pour avoir dit que vous vouliez violer un musulman.,non-hateful,hateful
french-2652,562,counter_ref_nh,Il doit y avoir des conséquences à payer pour avoir dit que vous vouliez violer un réfugié.,non-hateful,hateful
french-2653,562,counter_ref_nh,Il doit y avoir des conséquences à payer pour avoir dit que vous vouliez violer une femme.,non-hateful,hateful
french-2655,563,counter_ref_nh,C'est décourageant de voir encore des gens réclamer la mort des trans en 2020.,non-hateful,hateful
french-2656,563,counter_ref_nh,C'est décourageant de voir encore des gens réclamer la mort des homos en 2020.,non-hateful,hateful
french-2657,563,counter_ref_nh,C'est décourageant de voir encore des gens réclamer la mort des blacks en 2020.,non-hateful,hateful
french-2661,564,counter_ref_nh,J'arrêterai de te parler si tu continues à insister sur le fait que les femmes méritent de mourir.,non-hateful,hateful
french-2663,564,counter_ref_nh,J'arrêterai de te parler si tu continues à insister sur le fait que les homos méritent de mourir.,non-hateful,hateful
french-2664,564,counter_ref_nh,J'arrêterai de te parler si tu continues à insister sur le fait que les blacks méritent de mourir.,non-hateful,hateful
french-2666,564,counter_ref_nh,J'arrêterai de te parler si tu continues à insister sur le fait que les musulmans méritent de mourir.,non-hateful,hateful
french-2667,564,counter_ref_nh,J'arrêterai de te parler si tu continues à insister sur le fait que les réfugiés méritent de mourir.,non-hateful,hateful
french-2669,565,counter_ref_nh,Tous ces gens étroits d'esprit continuent à dire que les homos comme moi devraient être exécutés.,non-hateful,hateful
french-2670,565,counter_ref_nh,Tous ces gens étroits d'esprit continuent à dire que les blacks comme moi devraient être exécutés.,non-hateful,hateful
french-2671,565,counter_ref_nh,Tous ces gens étroits d'esprit continuent à dire que les handicapés comme moi devraient être exécutés.,non-hateful,hateful
french-2672,565,counter_ref_nh,Tous ces gens étroits d'esprit continuent à dire que les musulmans comme moi devraient être exécutés.,non-hateful,hateful
french-2673,565,counter_ref_nh,Tous ces gens étroits d'esprit continuent à dire que les réfugiés comme moi devraient être exécutés.,non-hateful,hateful
french-2675,566,counter_ref_nh,C'est vraiment pas tolérable d'appeler les gens des putes.,non-hateful,hateful
french-2677,566,counter_ref_nh,C'est vraiment pas tolérable d'appeler les gens des connasses.,non-hateful,hateful
french-2678,566,counter_ref_nh,C'est vraiment pas tolérable d'appeler les gens des travelos.,non-hateful,hateful
french-2679,566,counter_ref_nh,C'est vraiment pas tolérable d'appeler les gens des pédés.,non-hateful,hateful
french-2680,566,counter_ref_nh,C'est vraiment pas tolérable d'appeler les gens des tarlouzes.,non-hateful,hateful
french-2681,566,counter_ref_nh,C'est vraiment pas tolérable d'appeler les gens des tafioles.,non-hateful,hateful
french-2683,566,counter_ref_nh,C'est vraiment pas tolérable d'appeler les gens des bamboulas.,non-hateful,hateful
french-2684,566,counter_ref_nh,C'est vraiment pas tolérable d'appeler les gens des négros.,non-hateful,hateful
french-2685,566,counter_ref_nh,C'est vraiment pas tolérable d'appeler les gens des dégénérées.,non-hateful,hateful
french-2686,566,counter_ref_nh,C'est vraiment pas tolérable d'appeler les gens des attardés mentaux.,non-hateful,hateful
french-2687,566,counter_ref_nh,C'est vraiment pas tolérable d'appeler les gens des mongoliens.,non-hateful,hateful
french-2688,566,counter_ref_nh,C'est vraiment pas tolérable d'appeler les gens des bicots.,non-hateful,hateful
french-2689,566,counter_ref_nh,C'est vraiment pas tolérable d'appeler les gens des bougnoules.,non-hateful,hateful
french-2690,566,counter_ref_nh,C'est vraiment pas tolérable d'appeler les gens des fatmas.,non-hateful,hateful
french-2691,567,counter_ref_nh,Tu dois arrêter d'appeler les gens des putes.,non-hateful,hateful
french-2692,567,counter_ref_nh,Tu dois arrêter d'appeler les gens des salopes.,non-hateful,hateful
french-2693,567,counter_ref_nh,Tu dois arrêter d'appeler les gens des connasses.,non-hateful,hateful
french-2696,567,counter_ref_nh,Tu dois arrêter d'appeler les gens des tarlouzes.,non-hateful,hateful
french-2697,567,counter_ref_nh,Tu dois arrêter d'appeler les gens des tafioles.,non-hateful,hateful
french-2698,567,counter_ref_nh,Tu dois arrêter d'appeler les gens des nègresses.,non-hateful,hateful
french-2700,567,counter_ref_nh,Tu dois arrêter d'appeler les gens des négros.,non-hateful,hateful
french-2701,567,counter_ref_nh,Tu dois arrêter d'appeler les gens des dégénérées.,non-hateful,hateful
french-2702,567,counter_ref_nh,Tu dois arrêter d'appeler les gens des attardés mentaux.,non-hateful,hateful
french-2704,567,counter_ref_nh,Tu dois arrêter d'appeler les gens des bicots.,non-hateful,hateful
french-2705,567,counter_ref_nh,Tu dois arrêter d'appeler les gens des bougnoules.,non-hateful,hateful
french-2707,568,counter_ref_nh,Comment tu peux trouver ça normal de me traiter de pute ?,non-hateful,hateful
french-2708,568,counter_ref_nh,Comment tu peux trouver ça normal de me traiter de salope ?,non-hateful,hateful
french-2709,568,counter_ref_nh,Comment tu peux trouver ça normal de me traiter de connasse ?,non-hateful,hateful
french-2710,568,counter_ref_nh,Comment tu peux trouver ça normal de me traiter de travelo ?,non-hateful,hateful
french-2711,568,counter_ref_nh,Comment tu peux trouver ça normal de me traiter de pédé ?,non-hateful,hateful
french-2712,568,counter_ref_nh,Comment tu peux trouver ça normal de me traiter de tarlouze ?,non-hateful,hateful
french-2714,568,counter_ref_nh,Comment tu peux trouver ça normal de me traiter de nègresse ?,non-hateful,hateful
french-2715,568,counter_ref_nh,Comment tu peux trouver ça normal de me traiter de bamboula ?,non-hateful,hateful
french-2716,568,counter_ref_nh,Comment tu peux trouver ça normal de me traiter de négro ?,non-hateful,hateful
french-2717,568,counter_ref_nh,Comment tu peux trouver ça normal de me traiter de dégénérée ?,non-hateful,hateful
french-2718,568,counter_ref_nh,Comment tu peux trouver ça normal de me traiter d'attardé mental ?,non-hateful,hateful
french-2719,568,counter_ref_nh,Comment tu peux trouver ça normal de me traiter de mongolien ?,non-hateful,hateful
french-2722,568,counter_ref_nh,Comment tu peux trouver ça normal de me traiter de fatma ?,non-hateful,hateful
french-2723,569,counter_ref_nh,"Si vous dites à des femmes d'aller se faire enculer, n'espérez pas qu'ils vous respectent.",non-hateful,hateful
french-2724,569,counter_ref_nh,"Si vous dites à des trans d'aller se faire enculer, n'espérez pas qu'ils vous respectent.",non-hateful,hateful
french-2726,569,counter_ref_nh,"Si vous dites à des blacks d'aller se faire enculer, n'espérez pas qu'ils vous respectent.",non-hateful,hateful
french-2728,569,counter_ref_nh,"Si vous dites à des musulmans d'aller se faire enculer, n'espérez pas qu'ils vous respectent.",non-hateful,hateful
french-2729,569,counter_ref_nh,"Si vous dites à des réfugiés d'aller se faire enculer, n'espérez pas qu'ils vous respectent.",non-hateful,hateful
french-2731,570,counter_ref_nh,"Les vies des trans ne valent peut-être que de la merde pour vous, mais heureusement, votre opinion ne compte pas.",non-hateful,hateful
french-2733,570,counter_ref_nh,"Les vies des blacks ne valent peut-être que de la merde pour vous, mais heureusement, votre opinion ne compte pas.",non-hateful,hateful
french-2734,570,counter_ref_nh,"Les vies des handicapés ne valent peut-être que de la merde pour vous, mais heureusement, votre opinion ne compte pas.",non-hateful,hateful
french-2737,571,counter_ref_nh,Écrire que les trans sont tous trous du cul en dit long sur votre étroitesse d'esprit.,non-hateful,hateful
french-2738,571,counter_ref_nh,Écrire que les homos sont tous trous du cul en dit long sur votre étroitesse d'esprit.,non-hateful,hateful
french-2739,571,counter_ref_nh,Écrire que les blacks sont tous trous du cul en dit long sur votre étroitesse d'esprit.,non-hateful,hateful
french-2743,571,counter_ref_nh,Écrire que les femmes sont toutes des poufiasses en dit long sur votre étroitesse d'esprit.,non-hateful,hateful
french-2745,573,target_obj_nh,Je ne supporte vraiment pas le chou-fleur.,non-hateful,hateful
french-2746,574,target_obj_nh,Je méprise les gens dans les files d'attente.,non-hateful,hateful
french-2749,577,target_obj_nh,Dégoûtée par toute la moisissure qu'il y a ici.,non-hateful,hateful
french-2751,579,target_obj_nh,Je refuse d'accorder du respect à ce lieu.,non-hateful,hateful
french-2752,580,target_obj_nh,Ces sandwichs me dégoûtent tellement.,non-hateful,hateful
french-2753,581,target_obj_nh,Les lundis sont les pires jours de la semaine.,non-hateful,hateful
french-2754,582,target_obj_nh,Faire des tours sur les montagnes russes me rend malade.,non-hateful,hateful
french-2755,583,target_obj_nh,Il n'y a rien de pilus horrible qu'une bière tiède.,non-hateful,hateful
french-2756,584,target_obj_nh,Voir des caméras de surveillance dans cet endroit me met tellement hors de moi.,non-hateful,hateful
french-2757,585,target_obj_nh,Des e-mails comme ça me rendent furieux.,non-hateful,hateful
french-2759,587,target_obj_nh,Les décharges publiques sont dégueulasses.,non-hateful,hateful
french-2760,588,target_obj_nh,Les pop-ups sont absolument abjects.,non-hateful,hateful
french-2761,589,target_obj_nh,Cet enchainement d'exercices me donne la nausée.,non-hateful,hateful
french-2763,591,target_obj_nh,Tous les cocktails de ce type sont ignobles.,non-hateful,hateful
french-2765,593,target_obj_nh,"Les systèmes d'IA, quelle que soit leur puissance, sont une menace pour la civilisation.",non-hateful,hateful
french-2766,594,target_obj_nh,Les robots aux commandes sont un danger pour notre pays.,non-hateful,hateful
french-2768,596,target_obj_nh,Rien ne peux être aussi crasseux que ces draps.,non-hateful,hateful
french-2769,597,target_obj_nh,Typique d'un film hollywoodien d'être aussi stupide.,non-hateful,hateful
french-2772,600,target_obj_nh,Le médecin a soigné l'enflure de ma cheville.,non-hateful,hateful
french-2773,601,target_obj_nh,Les trucs dans mon coffre sont absolument immondes.,non-hateful,hateful
french-2775,603,target_obj_nh,Ce gâteau est absolument écœurant.,non-hateful,hateful
french-2776,604,target_obj_nh,Les jeux vidéo sont seulement bons pour la racaille.,non-hateful,hateful
french-2777,605,target_obj_nh,Vos disques rayés sont sans valeur.,non-hateful,hateful
french-2782,610,target_obj_nh,Mon chien est plus intelligent qu'aucun ordinateur ne pourra jamais l'être.,non-hateful,hateful
french-2783,611,target_obj_nh,Les vieux meubles devraient être jetés dans une décharge.,non-hateful,hateful
french-2784,612,target_obj_nh,Je préférerais mourir que de posséder une voiture comme celle-là.,non-hateful,hateful
french-2785,613,target_obj_nh,Je vais faire un massacre avec ce morceau.,non-hateful,hateful
french-2788,616,target_obj_nh,Éradiquons simplement ces mauvaises herbes.,non-hateful,hateful
french-2790,618,target_obj_nh,On devrait juste pendre tous ces tableaux.,non-hateful,hateful
french-2792,620,target_obj_nh,Ce serait mieux de noyer ce type de steaks dans le beurre.,non-hateful,hateful
french-2794,622,target_obj_nh,Si seulement quelqu'un pouvait étouffer ces initiatives.,non-hateful,hateful
french-2795,623,target_obj_nh,Le monde se porterait mieux sans ce genre de centrales à charbon.,non-hateful,hateful
french-2796,624,target_obj_nh,On ne peut qu'espérer que quelqu'un mette un terme à ces tendances de mode.,non-hateful,hateful
french-2798,626,target_obj_nh,C'est quoi le problème avec ces putains de sirènes ?,non-hateful,hateful
french-2799,627,target_obj_nh,J'emmerde toutes les marques de créateurs hors de prix.,non-hateful,hateful
french-2800,628,target_obj_nh,Les cafés branchés peuvent tous aller se faire foutre.,non-hateful,hateful
french-2801,629,target_obj_nh,Ces alarmes sur mon téléphone devraient fermer leurs gueules une fois pour toutes.,non-hateful,hateful
french-2803,631,target_obj_nh,Ce genre de publicité me fait tellement chier.,non-hateful,hateful
french-2804,632,target_obj_nh,Tous les trains dans ce pays me cassent les couilles.,non-hateful,hateful
french-2806,634,target_obj_nh,J'ai essayé de nombreux régimes et je déteste chacun d'entre eux.,non-hateful,hateful
french-2808,636,target_obj_nh,J'essaie d'aimer les sushis mais c'est juste trop répoussant.,non-hateful,hateful
french-2809,637,target_indiv_nh,Je te déteste.,non-hateful,hateful
french-2810,638,target_indiv_nh,Je ne peux vraiment pas la supporter.,non-hateful,hateful
french-2811,639,target_indiv_nh,Je te méprise.,non-hateful,hateful
french-2812,640,target_indiv_nh,Je le hais.,non-hateful,hateful
french-2813,641,target_indiv_nh,Je l'exècre.,non-hateful,hateful
french-2816,644,target_indiv_nh,Tu es le pire de tous.,non-hateful,hateful
french-2817,645,target_indiv_nh,Tu me rends malade.,non-hateful,hateful
french-2820,648,target_indiv_nh,Tu es dégueulasse.,non-hateful,hateful
french-2821,649,target_indiv_nh,Vous êtes repoussant.,non-hateful,hateful
french-2822,650,target_indiv_nh,Vous êtes répugnants.,non-hateful,hateful
french-2823,651,target_indiv_nh,Vous êtes des gens malhonnêtes.,non-hateful,hateful
french-2824,652,target_indiv_nh,Elle est ignoble.,non-hateful,hateful
french-2826,654,target_indiv_nh,Toi seul est aussi violent et cruel.,non-hateful,hateful
french-2827,655,target_indiv_nh,Il n'y a que toi pour être aussi ignorant.,non-hateful,hateful
french-2828,656,target_indiv_nh,C'est typique de lui d'être aussi stupide.,non-hateful,hateful
french-2830,658,target_indiv_nh,Il est vraiment débile.,non-hateful,hateful
french-2831,659,target_indiv_nh,Tu es une pourriture.,non-hateful,hateful
french-2832,660,target_indiv_nh,C'est une enflure.,non-hateful,hateful
french-2833,661,target_indiv_nh,Vous êtes absolument immondes. ,non-hateful,hateful
french-2834,662,target_indiv_nh,Il n'est rien d'autre qu'une vulgaire ordure.,non-hateful,hateful
french-2835,663,target_indiv_nh,Vous êtes un rebus de la racaille.,non-hateful,hateful
french-2836,664,target_indiv_nh,Vous êtes nuisible.,non-hateful,hateful
french-2837,665,target_indiv_nh,Tu es un rat.,non-hateful,hateful
french-2839,667,target_indiv_nh,Votre vie ne vaut absolument rien.,non-hateful,hateful
french-2840,668,target_indiv_nh,Vous êtes cancer.,non-hateful,hateful
french-2841,669,target_indiv_nh,Je veux le tuer.,non-hateful,hateful
french-2842,670,target_indiv_nh,Je veux mettre fin à sa vie.,non-hateful,hateful
french-2843,671,target_indiv_nh,Je veux vraiment le tuer.,non-hateful,hateful
french-2844,672,target_indiv_nh,Je vais vous tirer dessus.,non-hateful,hateful
french-2845,673,target_indiv_nh,Je vais te faire souffrir.,non-hateful,hateful
french-2846,674,target_indiv_nh,Je vais le poignarder demain.,non-hateful,hateful
french-2847,675,target_indiv_nh,Je vais devoir le violer aujourd'hui.,non-hateful,hateful
french-2848,676,target_indiv_nh,Je vais te faire du mal.,non-hateful,hateful
french-2849,677,target_indiv_nh,Je vais lui trancher la gorge.,non-hateful,hateful
french-2850,678,target_indiv_nh,Je vais te briser le cou.,non-hateful,hateful
french-2851,679,target_indiv_nh,Nous continuerons à vous attaquer jusqu'à ce que vous soyez partis.,non-hateful,hateful
french-2852,680,target_indiv_nh,Nous vous torturerons sans pitié.,non-hateful,hateful
french-2853,681,target_indiv_nh,Je massacrerai n'importe quel adversaire comme vous.,non-hateful,hateful
french-2854,682,target_indiv_nh,Tu vas mourir d'une mort atroce de mes mains.,non-hateful,hateful
french-2855,683,target_indiv_nh,Elle devrait être tuée.,non-hateful,hateful
french-2856,684,target_indiv_nh,Vous méritez de mourir.,non-hateful,hateful
french-2857,685,target_indiv_nh,J'aimerais le voir souffrir.,non-hateful,hateful
french-2858,686,target_indiv_nh,Je souhaite qu'il soit abattu dans la rue.,non-hateful,hateful
french-2860,688,target_indiv_nh,Vous assassiner devrait être dépénalisé.,non-hateful,hateful
french-2861,689,target_indiv_nh,Elle devrait être exécutée.,non-hateful,hateful
french-2862,690,target_indiv_nh,Le monde se porterait mieux sans toi.,non-hateful,hateful
french-2863,691,target_indiv_nh,Quelqu'un devrait juste le poignarder.,non-hateful,hateful
french-2864,692,target_indiv_nh,Quelqu'un devrait lui briser le cou.,non-hateful,hateful
french-2865,693,target_indiv_nh,Il devrait être brûlé vif.,non-hateful,hateful
french-2866,694,target_indiv_nh,Tu devrais te casser pour toujours.,non-hateful,hateful
french-2867,695,target_indiv_nh,Vous pouvez tous aller vous faire foutre.,non-hateful,hateful
french-2868,696,target_indiv_nh,Tu es la pire espèce de fils de pute.,non-hateful,hateful
french-2869,697,target_indiv_nh,C'est typique de toi d'être une telle enfoirée,non-hateful,hateful
french-2870,698,target_indiv_nh,"Si l'idée vient de lui, ça doit être des conneries.",non-hateful,hateful
french-2871,699,target_indiv_nh,Tu es un vrai trou du cul.,non-hateful,hateful
french-2872,700,target_indiv_nh,C'est une méga raclure.,non-hateful,hateful
french-2873,701,target_indiv_nh,Tu ne peux pas t'empêcher d'être une vraie demeurée.,non-hateful,hateful
french-2876,704,target_group_nh,Je méprise les ouvriers du bâtiment.,non-hateful,hateful
french-2877,705,target_group_nh,Je hais les agents de la circulation.,non-hateful,hateful
french-2878,706,target_group_nh,J'ai tellement de dédain pour ces athlètes.,non-hateful,hateful
french-2879,707,target_group_nh,J'ai tellement de haine pour les conseillers de gestion comme vous.,non-hateful,hateful
french-2881,709,target_group_nh,Les boulangers sont les pires.,non-hateful,hateful
french-2882,710,target_group_nh,"Les gestionnaires de fonds spéculatifs, comme vous me rendent malade.",non-hateful,hateful
french-2883,711,target_group_nh,Il n'y a rien de plus horrible qu'un banquier d'affaires.,non-hateful,hateful
french-2884,712,target_group_nh,Voir des homophobes ici me met tellement hors de moi.,non-hateful,hateful
french-2885,713,target_group_nh,Les autres footballeurs qui pensent être mes égaux me rendent fou de rage. ,non-hateful,hateful
french-2886,714,target_group_nh,Vous et tous les autres PDG de ce pays me font bouillir.,non-hateful,hateful
french-2888,716,target_group_nh,J'ai de l'aversion pour tous les bigots.,non-hateful,hateful
french-2889,717,target_group_nh,Les bouchers sont dégueulasses.,non-hateful,hateful
french-2890,718,target_group_nh,Les dirigeants des companies pétrolières sont absolument abjects.,non-hateful,hateful
french-2891,719,target_group_nh,"Les libéraux, quel que soit leur pouvoir, sont une menace pour notre société.",non-hateful,hateful
french-2892,720,target_group_nh,Le fait que les conservateurs soient aux commandes est un danger pour notre pays.,non-hateful,hateful
french-2893,721,target_group_nh,C'est dans la nature des rugbymen d'être des sauvages.,non-hateful,hateful
french-2894,722,target_group_nh,Seuls les agents privés de sécurité sont aussi violents et cruels.,non-hateful,hateful
french-2895,723,target_group_nh,Seuls les modérés peuvent être aussi ignorants.,non-hateful,hateful
french-2896,724,target_group_nh,Personne d'autre n'est aussi crasseux que ces mineurs de charbon.,non-hateful,hateful
french-2897,725,target_group_nh,Les centristes sont sans aucun doute les personnes les plus stupides de la planète.,non-hateful,hateful
french-2898,726,target_group_nh,Les pompiers sont juste les personnes les plus abruties qui soient.,non-hateful,hateful
french-2899,727,target_group_nh,"Les membres des syndicats sont vraiment débiles, quels qu'ils soient.",non-hateful,hateful
french-2900,728,target_group_nh,Les chefs de restaurant sont des pourritures.,non-hateful,hateful
french-2901,729,target_group_nh,Les artistes sont des parasites de notre société.,non-hateful,hateful
french-2902,730,target_group_nh,Ces constructeurs automobiles ne sont qu'une bande de cafards.,non-hateful,hateful
french-2903,731,target_group_nh,Les fans de football sont des déchets de l'humanité.,non-hateful,hateful
french-2904,732,target_group_nh,Les médecins sont des êtres inférieurs.,non-hateful,hateful
french-2905,733,target_group_nh,La vie des avocats ne vaut rien. ,non-hateful,hateful
french-2906,734,target_group_nh,C'est approprié aux vermines d'automobilistes comme vous.,non-hateful,hateful
french-2908,736,target_group_nh,Les communistes sont un cancer pour l'humanité.,non-hateful,hateful
french-2909,737,target_group_nh,Vous et tous les autres économistes êtes un fléau pour la société.,non-hateful,hateful
french-2910,738,target_group_nh,Les gestionnaires du travail sont des créatures sous-humaines.,non-hateful,hateful
french-2912,740,target_group_nh,Je veux tuer tous les travailleurs au gouvernement.,non-hateful,hateful
french-2913,741,target_group_nh,Je vais tirer sur le prochain cycliste que je vois.,non-hateful,hateful
french-2914,742,target_group_nh,Je vais faire souffrir ces végétariens.,non-hateful,hateful
french-2915,743,target_group_nh,Je vais poignarder un pilote demain.,non-hateful,hateful
french-2916,744,target_group_nh,Je vais trancher leurs gorges de racistes.,non-hateful,hateful
french-2917,745,target_group_nh,Je pense sérieusement à étrangler ce juge.,non-hateful,hateful
french-2918,746,target_group_nh,Nous allons torturer ces arbitres sans pitié.,non-hateful,hateful
french-2919,747,target_group_nh,Débarrassons-nous des courtiers en bourse une fois pour toutes.,non-hateful,hateful
french-2922,750,target_group_nh,Les scientifiques comme vous méritent de mourir.,non-hateful,hateful
french-2924,752,target_group_nh,Je souhaite que tous les manifestants soient abattus dans la rue.,non-hateful,hateful
french-2925,753,target_group_nh,On devrait juste pendre tous ces jardiniers.,non-hateful,hateful
french-2926,754,target_group_nh,Si seulement les sexistes comme vous se faisaient tous égorger.,non-hateful,hateful
french-2927,755,target_group_nh,Il serait préférable de juste noyer ce genre de voleurs.,non-hateful,hateful
french-2928,756,target_group_nh,Ce genre de flics devrait être exécuté.,non-hateful,hateful
french-2929,757,target_group_nh,"Dans un monde juste, les violeurs seraient tous morts.",non-hateful,hateful
french-2930,758,target_group_nh,Le monde se porterait mieux sans les universitaires.,non-hateful,hateful
french-2931,759,target_group_nh,C'est dans l'intérêt de tous de massacrer ces nazis.,non-hateful,hateful
french-2932,760,target_group_nh,Quelqu'un devrait briser le cou de toutes ces infirmières.,non-hateful,hateful
french-2933,761,target_group_nh,Ces responsables marketing devraient être brûlés vifs.,non-hateful,hateful
french-2934,762,target_group_nh,Les anti-IVG devraient foutre le camp de notre pays.,non-hateful,hateful
french-2935,763,target_group_nh,La plupart des vendeurs d'armes sont sérieusement defoncés de la tête.,non-hateful,hateful
french-2936,764,target_group_nh,"Par nature, les comptables d'entreprise sont juste merdiques comme êtres humains.",non-hateful,hateful
french-2937,765,target_group_nh,La plupart des agents immobiliers sont des putains de salauds.,non-hateful,hateful
french-2938,766,target_group_nh,"Bien sûr, ce demeuré était un snowboarder.",non-hateful,hateful
french-3025,779,spell_char_swap_h,Mrot à tous les blacks.,hateful,non-hateful
french-3027,779,spell_char_swap_h,Mrot à tous les musulmans.,hateful,non-hateful
french-3028,779,spell_char_swap_h,Mrot à tous les réfugiés.,hateful,non-hateful
french-3080,787,spell_char_del_h,J'ai tant de hane pour les trans comme vous.,hateful,non-hateful
french-3081,787,spell_char_del_h,J'ai tant de hane pour les homos comme vous.,hateful,non-hateful
french-3124,793,spell_char_del_h,Les blcks sont des pourritures.,hateful,non-hateful
french-3131,794,spell_char_del_h,Vos ves de blacks sont sans valeur.,hateful,non-hateful
french-3151,797,spell_char_del_h,Mon chien est plus intelligent que n'importe quel blck ne le sera jamais.,hateful,non-hateful
french-3184,802,spell_char_del_h,Violer un trns ne devrait pas être illégal.,hateful,non-hateful
french-3195,803,spell_char_del_h,Les musulmans peuvent tous aller se faire futre.,hateful,non-hateful
french-3253,811,spell_space_del_h,Les réfugiés comme toi sont justepitoyables.,hateful,non-hateful
french-3326,822,spell_space_del_h,J'arrive pas à croire cebamboula.,hateful,non-hateful
french-3339,822,spell_space_del_h,J'arrive pas à croire cettefatma.,hateful,non-hateful
french-3340,823,spell_space_del_h,Comportement typiquedepute.,hateful,non-hateful
french-3347,823,spell_space_del_h,Comportement typiquedenègresse.,hateful,non-hateful
french-3356,824,spell_space_del_h,Trop deputes dans ce pays.,hateful,non-hateful
french-3393,828,spell_space_add_h,Je refuse totalement d'accorder du respect à ces f e m m e s.,hateful,non-hateful
french-3443,835,spell_space_add_h,Les t r a n s n'ont pas leur place dans une société civilisée comme la nôtre. ,hateful,non-hateful
french-3503,842,spell_space_add_h,Comportement  typique de t r a v e l o.,hateful,non-hateful
french-3514,842,spell_space_add_h,Comportement  typique de b o u g n o u l e .,hateful,non-hateful
french-3519,843,spell_space_add_h,Trop de t r a v e l o s dans ce pays,hateful,non-hateful
french-3529,843,spell_space_add_h,Trop de b i c o t s dans ce pays,hateful,non-hateful
french-3541,845,spell_space_add_h,La plupart des b l a c k s sont de parfaits défoncés de la tête.,hateful,non-hateful
french-3543,845,spell_space_add_h,La plupart des m u s u l m a n s  sont de parfaits défoncés de la tête.,hateful,non-hateful
french-3545,845,spell_space_add_h,La plupart des f e m m e s sont de parfaites défoncées de la tête.,hateful,non-hateful
french-3550,846,spell_space_add_h,Les vies des handicapés ne valent que de la m e r d e.,hateful,non-hateful
french-3552,846,spell_space_add_h,Les vies des réfugiés ne valent que de la m e r d e.,hateful,non-hateful
french-3625,857,spell_leet_h,Permettre à davantage d'h0mo d'accéder au gouvernement serait la ruine de notre pays. ,hateful,non-hateful
french-3663,862,spell_leet_h,Vous n'êtes rien que des t4rlouze.,hateful,non-hateful
french-3665,862,spell_leet_h,Vous n'êtes rien que des n3gresse.,hateful,non-hateful
french-3677,863,spell_leet_h,Comportement typique de  tr4velo,hateful,non-hateful
french-3687,863,spell_leet_h,Comportement typique de  b1cot,hateful,non-hateful
french-3689,863,spell_leet_h,Comportement typique de  f4tma,hateful,non-hateful
french-3695,864,spell_leet_h,Trop de t4rlouzes dans ce pays.,hateful,non-hateful
french-3707,865,spell_leet_h,Les vies des trans valent moins que de la m3rde.,hateful,non-hateful
french-3708,865,spell_leet_h,Les vies des homos valent moins que de la m3rde.,hateful,non-hateful
